,Serial No.,GRE Score,TOEFL Score,University Rating,SOP,LOR ,CGPA,Chance of Admit 
0,0.0,0.94,0.9285714285714286,0.75,0.875,0.875,0.9134615384615385,0.9206349206349209
1,0.002506265664160401,0.68,0.5357142857142857,0.75,0.75,0.875,0.6634615384615382,0.6666666666666667
2,0.005012531328320802,0.52,0.42857142857142855,0.5,0.5,0.625,0.38461538461538464,0.6031746031746031
3,0.007518796992481203,0.64,0.6428571428571429,0.5,0.625,0.375,0.5993589743589743,0.7301587301587303
4,0.010025062656641603,0.48,0.39285714285714285,0.25,0.25,0.5,0.45192307692307726,0.49206349206349215
5,0.012531328320802004,0.8,0.8214285714285714,1.0,0.875,0.5,0.8141025641025641,0.8888888888888892
6,0.015037593984962405,0.62,0.6071428571428571,0.5,0.5,0.75,0.4487179487179485,0.6507936507936508
7,0.017543859649122806,0.36,0.32142857142857145,0.25,0.5,0.75,0.3525641025641027,0.5396825396825398
8,0.020050125313283207,0.24,0.35714285714285715,0.0,0.25,0.125,0.38461538461538464,0.25396825396825395
9,0.022556390977443608,0.66,0.5714285714285714,0.5,0.625,0.5,0.5769230769230769,0.17460317460317462
10,0.02506265664160401,0.7,0.5,0.5,0.625,0.75,0.512820512820513,0.28571428571428575
11,0.02756892230576441,0.74,0.6785714285714286,0.75,0.75,0.875,0.7051282051282052,0.7936507936507937
12,0.03007518796992481,0.76,0.7142857142857143,0.75,0.75,0.875,0.7371794871794871,0.6984126984126985
13,0.03258145363408521,0.34,0.6071428571428571,0.5,0.75,0.5,0.38461538461538464,0.4444444444444445
14,0.03508771929824561,0.42,0.42857142857142855,0.5,0.625,0.25,0.4487179487179485,0.4285714285714286
15,0.03759398496240601,0.48,0.4642857142857143,0.5,0.625,0.375,0.48076923076923106,0.31746031746031755
16,0.040100250626566414,0.54,0.5357142857142857,0.5,0.75,0.5,0.6089743589743588,0.507936507936508
17,0.042606516290726815,0.58,0.5,0.5,0.75,0.5,0.38461538461538464,0.49206349206349215
18,0.045112781954887216,0.56,0.6428571428571429,0.5,0.75,0.5,0.6410256410256413,0.46031746031746035
19,0.047619047619047616,0.26,0.35714285714285715,0.5,0.625,0.5,0.5448717948717949,0.4444444444444445
20,0.05012531328320802,0.44,0.5357142857142857,0.5,0.5,0.25,0.3525641025641027,0.4761904761904763
21,0.05263157894736842,0.7,0.7857142857142857,0.75,0.5,0.25,0.512820512820513,0.5714285714285714
22,0.05513784461152882,0.76,0.8571428571428571,1.0,1.0,1.0,0.8653846153846154,0.9523809523809523
23,0.05764411027568922,0.88,0.9642857142857143,1.0,1.0,0.875,0.9294871794871793,0.9682539682539683
24,0.06015037593984962,0.92,0.9642857142857143,1.0,0.75,0.625,0.9615384615384618,1.0
25,0.06265664160401002,1.0,1.0,1.0,0.875,0.875,0.8974358974358974,0.9523809523809523
26,0.06516290726817042,0.64,0.6071428571428571,1.0,0.875,0.625,0.6410256410256413,0.6666666666666667
27,0.06766917293233082,0.16,0.21428571428571427,0.25,0.125,0.375,0.2243589743589744,0.15873015873015872
28,0.07017543859649122,0.1,0.03571428571428571,0.0,0.25,0.25,0.1282051282051283,0.1904761904761905
29,0.07268170426065163,0.4,0.25,0.25,0.125,0.25,0.16025641025641024,0.31746031746031755
30,0.07518796992481203,0.2,0.17857142857142858,0.25,0.5,0.5,0.4166666666666666,0.49206349206349215
31,0.07769423558897243,0.74,0.39285714285714285,0.5,0.75,0.75,0.48076923076923106,0.634920634920635
32,0.08020050125313283,0.96,0.9285714285714286,0.75,0.5,0.875,0.8333333333333335,0.904761904761905
33,0.08270676691729323,1.0,0.7857142857142857,1.0,0.75,0.75,0.8974358974358974,0.8888888888888892
34,0.08521303258145363,0.82,0.7142857142857143,1.0,0.75,1.0,0.9615384615384618,0.9523809523809523
35,0.08771929824561403,0.6,0.6428571428571429,1.0,1.0,1.0,0.769230769230769,0.8571428571428573
36,0.09022556390977443,0.18,0.5,0.25,0.75,0.75,0.512820512820513,0.4761904761904763
37,0.09273182957393483,0.2,0.4642857142857143,0.0,0.0,0.25,0.3205128205128205,0.38095238095238093
38,0.09523809523809523,0.28,0.4642857142857143,0.0,0.5,0.125,0.2243589743589744,0.28571428571428575
39,0.09774436090225563,0.34,0.5714285714285714,0.25,0.75,0.625,0.28846153846153855,0.22222222222222218
40,0.10025062656641603,0.36,0.6428571428571429,0.5,0.625,0.5,0.38461538461538464,0.1904761904761905
41,0.10275689223057644,0.52,0.4642857142857143,0.25,0.375,0.375,0.4487179487179485,0.23809523809523808
42,0.10526315789473684,0.46,0.5357142857142857,0.25,0.375,0.25,0.5448717948717949,0.3015873015873016
43,0.10776942355889724,0.84,0.8928571428571429,0.75,0.875,0.75,0.7371794871794871,0.8412698412698415
44,0.11027568922305764,0.72,0.75,1.0,0.875,0.75,0.8333333333333335,0.904761904761905
45,0.11278195488721804,0.64,0.6428571428571429,1.0,1.0,0.75,0.7371794871794871,0.8571428571428573
46,0.11528822055137844,0.78,0.7857142857142857,1.0,0.75,1.0,0.8012820512820515,0.8253968253968256
47,0.11779448621553884,0.98,0.9642857142857143,1.0,0.875,0.75,0.9294871794871793,0.8730158730158732
48,0.12030075187969924,0.62,0.6428571428571429,0.5,0.625,1.0,0.6570512820512819,0.7619047619047619
49,0.12280701754385964,0.74,0.6785714285714286,0.75,0.5,0.75,0.512820512820513,0.6984126984126985
50,0.12531328320802004,0.46,0.21428571428571427,0.5,0.375,0.875,0.48076923076923106,0.6666666666666667
51,0.12781954887218044,0.44,0.2857142857142857,0.25,0.125,0.625,0.3525641025641027,0.3492063492063493
52,0.13032581453634084,0.88,0.8571428571428571,0.75,0.75,0.5,0.38461538461538464,0.6984126984126985
53,0.13283208020050125,0.68,0.7142857142857143,0.75,0.75,0.375,0.4166666666666666,0.6031746031746031
54,0.13533834586466165,0.64,0.6428571428571429,0.5,0.5,0.625,0.38461538461538464,0.5714285714285714
55,0.13784461152882205,0.6,0.39285714285714285,0.5,0.5,0.5,0.28846153846153855,0.4761904761904763
56,0.14035087719298245,0.52,0.35714285714285715,0.5,0.25,0.5,0.19230769230769248,0.4761904761904763
57,0.14285714285714285,0.16,0.25,0.25,0.75,0.25,0.25641025641025633,0.1904761904761905
58,0.14536340852130325,0.2,0.25,0.0,0.5,0.25,0.0,0.03174603174603169
59,0.14786967418546365,0.42,0.42857142857142855,0.25,0.25,0.25,0.48076923076923106,0.12698412698412695
60,0.15037593984962405,0.38,0.2857142857142857,0.25,0.5,0.5,0.4166666666666666,0.22222222222222218
61,0.15288220551378445,0.34,0.32142857142857145,0.5,0.75,0.5,0.4487179487179485,0.2063492063492063
62,0.15538847117794485,0.28,0.4642857142857143,0.25,0.5,0.5,0.4487179487179485,0.31746031746031755
63,0.15789473684210525,0.5,0.5357142857142857,0.25,0.75,0.5,0.5448717948717949,0.3492063492063493
64,0.16040100250626566,0.7,0.6785714285714286,0.5,0.5,0.625,0.6089743589743588,0.28571428571428575
65,0.16290726817042606,0.7,0.7142857142857143,0.75,0.625,0.625,0.6794871794871795,0.3333333333333334
66,0.16541353383458646,0.74,0.7857142857142857,0.5,0.5,0.5,0.7115384615384615,0.4285714285714286
67,0.16791979949874686,0.52,0.5357142857142857,0.25,0.625,0.625,0.58974358974359,0.365079365079365
68,0.17042606516290726,0.56,0.6071428571428571,0.5,0.625,0.75,0.7756410256410259,0.5396825396825398
69,0.17293233082706766,0.76,0.8214285714285714,0.75,0.875,0.75,0.7564102564102565,0.6984126984126985
70,0.17543859649122806,0.84,0.9285714285714286,1.0,1.0,1.0,0.9102564102564105,0.9523809523809523
71,0.17794486215538846,0.92,0.7142857142857143,1.0,1.0,1.0,0.9487179487179487,0.9841269841269841
72,0.18045112781954886,0.62,0.6785714285714286,1.0,1.0,1.0,0.8493589743589741,0.9365079365079368
73,0.18295739348370926,0.48,0.5714285714285714,0.75,0.875,0.75,0.7179487179487177,0.7936507936507937
74,0.18546365914786966,0.48,0.5,0.5,0.5,1.0,0.6730769230769232,0.634920634920635
75,0.18796992481203006,0.78,0.7857142857142857,0.25,0.25,0.75,0.5641025641025643,0.6031746031746031
76,0.19047619047619047,0.74,0.7142857142857143,0.5,0.5,0.5,0.6153846153846156,0.634920634920635
77,0.19298245614035087,0.22,0.25,0.25,0.5,0.25,0.4551282051282054,0.4761904761904763
78,0.19548872180451127,0.12,0.10714285714285714,0.25,0.5,0.25,0.23717948717948725,0.15873015873015872
79,0.19799498746867167,0.08,0.03571428571428571,0.0,0.125,0.25,0.17948717948717963,0.1904761904761905
80,0.20050125313283207,0.44,0.4642857142857143,0.5,0.25,0.5,0.3910256410256409,0.25396825396825395
81,0.20300751879699247,1.0,1.0,0.75,1.0,1.0,0.8653846153846154,0.9841269841269841
82,0.20551378446115287,0.6,0.6428571428571429,1.0,1.0,0.875,0.7756410256410259,0.9206349206349209
83,0.20802005012531327,0.64,0.8214285714285714,1.0,0.75,0.875,0.8205128205128204,0.9206349206349209
84,0.21052631578947367,1.0,0.8214285714285714,1.0,0.875,0.875,0.8493589743589741,0.9523809523809523
85,0.21303258145363407,0.58,0.39285714285714285,0.75,0.875,0.625,0.5961538461538463,0.6666666666666667
86,0.21553884711779447,0.5,0.5,0.5,0.875,0.625,0.5192307692307693,0.6031746031746031
87,0.21804511278195488,0.54,0.5357142857142857,0.25,0.625,0.5,0.4743589743589742,0.507936507936508
88,0.22055137844611528,0.48,0.5714285714285714,0.5,0.875,0.625,0.42948717948717974,0.4761904761904763
89,0.22305764411027568,0.52,0.6071428571428571,0.75,0.875,0.625,0.6282051282051282,0.634920634920635
90,0.22556390977443608,0.56,0.5,0.25,0.75,0.75,0.358974358974359,0.4761904761904763
91,0.22807017543859648,0.18,0.17857142857142858,0.5,1.0,0.625,0.2756410256410257,0.06349206349206347
92,0.23057644110275688,0.16,0.21428571428571427,0.25,0.75,0.5,0.39423076923076905,0.0
93,0.23308270676691728,0.22,0.17857142857142858,0.25,0.5,0.5,0.34615384615384615,0.15873015873015872
94,0.23558897243107768,0.26,0.25,0.5,0.25,0.375,0.2756410256410257,0.03174603174603169
95,0.23809523809523808,0.28,0.2857142857142857,0.75,0.125,0.375,0.3333333333333333,0.12698412698412695
96,0.24060150375939848,0.32,0.2857142857142857,0.25,0.5,0.5,0.38461538461538464,0.22222222222222218
97,0.24310776942355888,0.82,1.0,0.5,0.75,0.75,0.6923076923076926,0.8253968253968256
98,0.24561403508771928,0.84,0.9642857142857143,0.75,1.0,0.875,0.7820512820512822,0.8888888888888892
99,0.24812030075187969,0.66,0.75,0.5,0.75,0.75,0.666666666666667,0.7142857142857144
100,0.2506265664160401,0.64,0.5357142857142857,0.5,0.625,0.625,0.5320512820512824,0.5873015873015873
101,0.2531328320802005,0.44,0.4642857142857143,0.25,0.375,0.5,0.42307692307692285,0.4761904761904763
102,0.2556390977443609,0.48,0.5,0.25,0.75,0.625,0.46474358974358976,0.4444444444444445
103,0.2581453634085213,0.54,0.42857142857142855,0.25,0.875,0.75,0.5352564102564105,0.365079365079365
104,0.2606516290726817,0.72,0.7142857142857143,0.5,0.625,0.5,0.7211538461538464,0.634920634920635
105,0.2631578947368421,0.52,0.6428571428571429,0.5,0.75,0.875,0.6346153846153845,0.5555555555555556
106,0.2656641604010025,0.78,0.6785714285714286,0.75,0.875,0.875,0.7628205128205128,0.8412698412698415
107,0.2681704260651629,0.96,0.8928571428571429,0.75,0.625,0.875,0.8525641025641029,0.904761904761905
108,0.2706766917293233,0.82,0.8571428571428571,1.0,1.0,1.0,0.8269230769230772,0.9365079365079368
109,0.2731829573934837,0.28,0.39285714285714285,1.0,1.0,0.75,0.58974358974359,0.5396825396825398
110,0.2756892230576441,0.3,0.5714285714285714,1.0,0.5,0.5,0.5384615384615387,0.4285714285714286
111,0.2781954887218045,0.62,0.6071428571428571,0.75,0.75,0.75,0.6025641025641025,0.5555555555555556
112,0.2807017543859649,0.22,0.5357142857142857,0.5,0.625,0.625,0.49358974358974356,0.4444444444444445
113,0.2832080200501253,0.6,0.6428571428571429,0.25,0.75,0.625,0.5641025641025643,0.6031746031746031
114,0.2857142857142857,0.42,0.4642857142857143,0.5,0.625,0.5,0.5288461538461536,0.3968253968253968
115,0.2882205513784461,0.4,0.5,0.75,0.875,0.875,0.7179487179487177,0.507936507936508
116,0.2907268170426065,0.18,0.35714285714285715,0.5,0.75,0.625,0.5833333333333331,0.3492063492063493
117,0.2932330827067669,0.0,0.42857142857142855,0.75,0.25,0.375,0.21153846153846156,0.17460317460317462
118,0.2957393483709273,0.12,0.25,0.25,0.5,0.625,0.15384615384615397,0.2063492063492063
119,0.2982456140350877,0.74,0.42857142857142855,1.0,0.5,0.625,0.6538461538461539,0.5873015873015873
120,0.3007518796992481,0.9,0.8928571428571429,1.0,1.0,1.0,0.8846153846153848,0.9523809523809523
121,0.3032581453634085,0.88,0.9642857142857143,1.0,0.875,0.875,0.8589743589743591,0.9523809523809523
122,0.3057644110275689,0.4,0.5,0.75,0.125,0.375,0.49999999999999983,0.365079365079365
123,0.3082706766917293,0.36,0.5714285714285714,0.5,0.625,0.625,0.4551282051282054,0.4285714285714286
124,0.3107769423558897,0.22,0.5,0.75,0.375,0.5,0.5352564102564105,0.365079365079365
125,0.3132832080200501,0.2,0.2857142857142857,0.5,0.25,0.5,0.5961538461538463,0.4761904761904763
126,0.3157894736842105,0.66,0.75,0.5,0.75,0.5,0.8076923076923078,0.8095238095238096
127,0.3182957393483709,0.58,0.7142857142857143,0.5,0.375,0.25,0.6121794871794874,0.6984126984126985
128,0.3208020050125313,0.72,0.7142857142857143,0.5,0.625,0.5,0.7371794871794871,0.7936507936507937
129,0.3233082706766917,0.86,0.9285714285714286,1.0,1.0,1.0,0.8173076923076922,0.9206349206349209
130,0.3258145363408521,0.98,0.7857142857142857,1.0,0.75,0.875,0.9487179487179487,0.9841269841269841
131,0.3283208020050125,0.26,0.4642857142857143,1.0,1.0,0.875,0.5929487179487181,0.6825396825396827
132,0.3308270676691729,0.38,0.4642857142857143,1.0,0.625,0.625,0.5641025641025643,0.5873015873015873
133,0.3333333333333333,0.66,0.7142857142857143,1.0,0.75,0.875,0.6346153846153845,0.7142857142857144
134,0.3358395989974937,0.86,0.75,1.0,0.75,0.75,0.7948717948717947,0.8730158730158732
135,0.3383458646616541,0.48,0.6071428571428571,0.75,0.625,0.75,0.6314102564102563,0.7619047619047619
136,0.3408521303258145,0.44,0.39285714285714285,0.5,1.0,0.75,0.5288461538461536,0.6666666666666667
137,0.3433583959899749,0.52,0.2857142857142857,0.25,0.125,0.5,0.43589743589743596,0.5873015873015873
138,0.3458646616541353,0.72,0.8571428571428571,0.25,0.875,0.5,0.7307692307692308,0.7301587301587303
139,0.3483709273182957,0.56,0.6071428571428571,0.0,0.625,0.625,0.7435897435897434,0.6984126984126985
140,0.3508771929824561,0.78,0.6428571428571429,0.25,0.75,0.5,0.7532051282051283,0.7936507936507937
141,0.3533834586466165,0.84,0.9285714285714286,0.25,0.875,0.625,0.8205128205128204,0.8888888888888892
142,0.3558897243107769,0.82,0.8214285714285714,1.0,0.75,0.625,0.846153846153846,0.9206349206349209
143,0.3583959899749373,1.0,1.0,0.75,0.875,0.75,1.0,1.0
144,0.3609022556390977,0.7,0.7142857142857143,0.25,0.5,0.625,0.6923076923076926,0.7301587301587303
145,0.3634085213032581,0.6,0.75,0.25,0.25,0.375,0.58974358974359,0.7460317460317462
146,0.3659147869674185,0.5,0.4642857142857143,0.5,0.25,0.375,0.5384615384615387,0.6507936507936508
147,0.3684210526315789,0.72,0.7857142857142857,0.5,0.5,0.5,0.7403846153846152,0.7777777777777778
148,0.37092731829573933,0.98,0.8571428571428571,0.75,0.75,0.625,0.9615384615384618,0.9841269841269841
149,0.37343358395989973,0.42,0.5,0.25,0.625,0.5,0.4679487179487179,0.7142857142857144
150,0.37593984962406013,0.88,0.7857142857142857,0.75,0.75,0.75,0.8429487179487178,0.9365079365079368
151,0.37844611528822053,0.84,0.8571428571428571,1.0,1.0,1.0,0.7948717948717947,0.9523809523809523
152,0.38095238095238093,0.62,0.7142857142857143,1.0,1.0,1.0,0.7243589743589746,0.8253968253968256
153,0.38345864661654133,0.68,0.4642857142857143,0.5,0.5,0.75,0.625,0.7142857142857144
154,0.38596491228070173,0.72,0.5714285714285714,0.5,0.5,0.625,0.669871794871795,0.7301587301587303
155,0.38847117794486213,0.44,0.6071428571428571,0.5,0.5,0.5,0.6057692307692306,0.6825396825396827
156,0.39097744360902253,0.5,0.4642857142857143,0.5,0.25,0.375,0.49358974358974356,0.5714285714285714
157,0.39348370927318294,0.38,0.42857142857142855,0.25,0.25,0.375,0.4679487179487179,0.49206349206349215
158,0.39598997493734334,0.32,0.5,0.25,0.25,0.375,0.42948717948717974,0.4285714285714286
159,0.39849624060150374,0.14,0.2857142857142857,0.0,0.125,0.25,0.3525641025641027,0.28571428571428575
160,0.40100250626566414,0.5,0.39285714285714285,0.0,0.125,0.25,0.33974358974358987,0.365079365079365
161,0.40350877192982454,0.16,0.25,0.0,0.125,0.5,0.21153846153846156,0.3015873015873016
162,0.40601503759398494,0.56,0.6071428571428571,0.5,0.5,0.5,0.5448717948717949,0.523809523809524
163,0.40852130325814534,0.54,0.4642857142857143,0.5,0.625,0.5,0.5641025641025643,0.5396825396825398
164,0.41102756892230574,0.78,0.6785714285714286,0.75,0.875,0.75,0.7083333333333333,0.7460317460317462
165,0.41353383458646614,0.64,0.6428571428571429,1.0,0.875,0.75,0.6955128205128207,0.6984126984126985
166,0.41604010025062654,0.24,0.35714285714285715,0.5,0.625,1.0,0.4903846153846155,0.49206349206349215
167,0.41854636591478694,0.46,0.35714285714285715,0.5,0.25,0.5,0.47115384615384603,0.4761904761904763
168,0.42105263157894735,0.06,0.17857142857142858,0.25,0.25,0.75,0.3205128205128205,0.4761904761904763
169,0.42355889724310775,0.42,0.25,0.25,0.375,0.5,0.37820512820512836,0.49206349206349215
170,0.42606516290726815,0.44,0.32142857142857145,0.25,0.375,0.625,0.3974358974358972,0.5396825396825398
171,0.42857142857142855,0.88,0.8928571428571429,1.0,0.75,0.875,0.7275641025641026,0.8730158730158732
172,0.43107769423558895,0.64,0.6428571428571429,0.75,0.75,1.0,0.746794871794872,0.8253968253968256
173,0.43358395989974935,0.66,0.75,0.75,0.75,0.875,0.778846153846154,0.8730158730158732
174,0.43609022556390975,0.62,0.6785714285714286,0.75,0.75,0.75,0.6955128205128207,0.8412698412698415
175,0.43859649122807015,0.6,0.6785714285714286,0.75,0.875,0.625,0.6634615384615382,0.8095238095238096
176,0.44110275689223055,0.78,0.9642857142857143,0.75,0.875,0.875,0.7564102564102565,0.8888888888888892
177,0.44360902255639095,0.58,0.6428571428571429,0.5,0.625,0.625,0.7179487179487177,0.7619047619047619
178,0.44611528822055135,0.38,0.5714285714285714,0.5,0.375,0.5,0.42307692307692285,0.6031746031746031
179,0.44862155388471175,0.34,0.35714285714285715,0.5,0.5,0.5,0.47115384615384603,0.6190476190476191
180,0.45112781954887216,0.2,0.42857142857142855,0.5,0.625,0.5,0.43589743589743596,0.5873015873015873
181,0.45363408521303256,0.3,0.5357142857142857,0.25,0.375,0.375,0.5192307692307693,0.5873015873015873
182,0.45614035087719296,0.18,0.2857142857142857,0.25,0.5,0.625,0.34615384615384615,0.5396825396825398
183,0.45864661654135336,0.48,0.6428571428571429,0.5,0.75,0.75,0.6410256410256413,0.6507936507936508
184,0.46115288220551376,0.52,0.5,0.25,0.375,0.75,0.48717948717948734,0.6031746031746031
185,0.46365914786967416,0.74,0.75,0.75,0.875,0.875,0.7403846153846152,0.8730158730158732
186,0.46616541353383456,0.54,0.5357142857142857,0.5,0.625,0.5,0.6025641025641025,0.7936507936507937
187,0.46867167919799496,0.9,0.9285714285714286,1.0,0.875,0.625,0.846153846153846,0.9365079365079368
188,0.47117794486215536,0.82,0.8214285714285714,1.0,0.875,0.625,0.8205128205128204,0.9365079365079368
189,0.47368421052631576,0.68,0.7142857142857143,1.0,1.0,1.0,0.7307692307692308,0.8571428571428573
190,0.47619047619047616,0.68,0.6785714285714286,1.0,0.875,0.75,0.7564102564102565,0.8888888888888892
191,0.47869674185463656,0.66,0.6428571428571429,1.0,0.75,1.0,0.6987179487179489,0.8412698412698415
192,0.48120300751879697,0.64,0.7857142857142857,1.0,0.875,0.75,0.6858974358974358,0.8253968253968256
193,0.48370927318295737,0.92,0.9285714285714286,1.0,0.875,1.0,0.8749999999999998,0.9523809523809523
194,0.48621553884711777,0.52,0.6071428571428571,0.5,0.625,0.5,0.6282051282051282,0.6825396825396827
195,0.48872180451127817,0.34,0.5357142857142857,0.25,0.5,0.625,0.5512820512820512,0.6984126984126985
196,0.49122807017543857,0.32,0.4642857142857143,0.25,0.5,0.375,0.4679487179487179,0.6190476190476191
197,0.49373433583959897,0.4,0.5,0.25,0.625,0.375,0.4903846153846155,0.6190476190476191
198,0.49624060150375937,0.42,0.42857142857142855,0.5,0.875,0.875,0.5224358974358974,0.5714285714285714
199,0.49874686716791977,0.46,0.5357142857142857,0.5,0.75,0.875,0.6057692307692306,0.6031746031746031
200,0.5012531328320802,0.54,0.39285714285714285,0.5,0.375,0.5,0.5576923076923075,0.6190476190476191
201,0.5037593984962406,0.5,0.6428571428571429,0.25,0.625,0.5,0.5320512820512824,0.6031746031746031
202,0.506265664160401,1.0,1.0,1.0,0.875,0.875,0.9967948717948719,1.0
203,0.5087719298245614,0.88,1.0,1.0,0.75,1.0,0.9839743589743587,1.0
204,0.5112781954887218,0.16,0.4642857142857143,0.5,0.625,0.75,0.5576923076923075,0.5555555555555556
205,0.5137844611528822,0.1,0.25,0.25,0.375,0.5,0.2724358974358976,0.365079365079365
206,0.5162907268170426,0.5,0.25,0.25,0.625,0.5,0.3493589743589743,0.46031746031746035
207,0.518796992481203,0.4,0.35714285714285715,0.5,0.625,0.75,0.3910256410256409,0.507936507936508
208,0.5213032581453634,0.3,0.5,0.25,0.5,0.5,0.43589743589743596,0.4761904761904763
209,0.5238095238095238,0.22,0.42857142857142855,0.5,0.625,0.75,0.42307692307692285,0.5396825396825398
210,0.5263157894736842,0.7,0.5714285714285714,0.75,0.875,0.75,0.7243589743589746,0.7142857142857144
211,0.5288220551378446,0.76,0.6428571428571429,0.75,1.0,0.75,0.7500000000000002,0.7619047619047619
212,0.531328320802005,0.96,1.0,0.75,1.0,1.0,0.9166666666666667,0.9682539682539683
213,0.5338345864661654,0.86,0.9642857142857143,1.0,1.0,0.875,0.955128205128205,0.9841269841269841
214,0.5363408521303258,0.82,0.8928571428571429,0.75,0.875,1.0,0.8397435897435898,0.9523809523809523
215,0.5388471177944862,0.8,0.8571428571428571,1.0,1.0,0.875,0.8205128205128204,0.9365079365079368
216,0.5413533834586466,0.64,0.7142857142857143,0.75,0.875,0.875,0.7884615384615384,0.904761904761905
217,0.543859649122807,0.62,0.6071428571428571,0.75,0.75,0.75,0.746794871794872,0.8095238095238096
218,0.5463659147869674,0.68,0.6428571428571429,0.75,0.5,0.625,0.6955128205128207,0.7936507936507937
219,0.5488721804511278,0.44,0.42857142857142855,0.5,0.625,0.625,0.5192307692307693,0.634920634920635
220,0.5513784461152882,0.46,0.39285714285714285,0.5,0.75,0.75,0.625,0.6666666666666667
221,0.5538847117794486,0.52,0.6428571428571429,0.5,0.625,0.75,0.5641025641025643,0.6507936507936508
222,0.556390977443609,0.68,0.75,0.75,0.875,0.75,0.6378205128205126,0.6666666666666667
223,0.5588972431077694,0.36,0.6071428571428571,0.25,0.5,0.75,0.5288461538461536,0.5873015873015873
224,0.5614035087719298,0.3,0.4642857142857143,0.25,0.5,0.25,0.45833333333333354,0.523809523809524
225,0.5639097744360902,0.12,0.25,0.25,0.375,0.375,0.39423076923076905,0.4285714285714286
226,0.5664160401002506,0.32,0.6428571428571429,0.25,0.625,0.75,0.5288461538461536,0.46031746031746035
227,0.568922305764411,0.44,0.6428571428571429,0.25,0.625,0.5,0.5544871794871793,0.4761904761904763
228,0.5714285714285714,0.56,0.7142857142857143,0.5,0.75,0.625,0.5993589743589743,0.5873015873015873
229,0.5739348370927319,0.68,0.6785714285714286,0.75,0.5,0.5,0.7083333333333333,0.7619047619047619
230,0.5764411027568922,0.46,0.42857142857142855,0.5,0.75,0.875,0.5929487179487181,0.6190476190476191
231,0.5789473684210527,0.58,0.5,0.5,0.625,0.375,0.4903846153846155,0.634920634920635
232,0.581453634085213,0.44,0.5357142857142857,0.25,0.375,0.625,0.47115384615384603,0.5555555555555556
233,0.5839598997493735,0.28,0.2857142857142857,0.25,0.375,0.625,0.40705128205128216,0.4761904761904763
234,0.5864661654135338,0.8,0.75,1.0,1.0,0.75,0.8044871794871796,0.904761904761905
235,0.5889724310776943,0.72,0.6785714285714286,1.0,0.875,0.75,0.778846153846154,0.8571428571428573
236,0.5914786967418546,0.7,0.7142857142857143,0.75,0.75,0.875,0.7596153846153846,0.8095238095238096
237,0.5939849624060151,0.78,0.7857142857142857,1.0,0.875,1.0,0.7660256410256409,0.8253968253968256
238,0.5964912280701754,0.4,0.42857142857142855,0.5,0.25,0.625,0.503205128205128,0.5714285714285714
239,0.5989974937343359,0.18,0.2857142857142857,0.0,0.125,0.25,0.3493589743589743,0.3968253968253968
240,0.6015037593984962,0.12,0.32142857142857145,0.0,0.375,0.5,0.282051282051282,0.4126984126984127
241,0.6040100250626567,0.54,0.39285714285714285,0.25,0.375,0.25,0.4326923076923079,0.49206349206349215
242,0.606516290726817,0.68,0.8214285714285714,0.5,0.625,0.5,0.6282051282051282,0.5714285714285714
243,0.6090225563909775,0.7,0.7857142857142857,0.5,0.625,0.5,0.7179487179487177,0.6666666666666667
244,0.6115288220551378,0.48,0.5357142857142857,0.25,0.375,0.75,0.5641025641025643,0.46031746031746035
245,0.6140350877192983,0.76,0.6428571428571429,0.75,0.75,0.375,0.7115384615384615,0.7460317460317462
246,0.6165413533834586,0.52,0.4642857142857143,0.5,0.5,0.625,0.6185897435897437,0.6031746031746031
247,0.6190476190476191,0.42,0.42857142857142855,0.25,0.375,0.625,0.5384615384615387,0.5873015873015873
248,0.6215538847117794,0.68,0.6428571428571429,0.5,0.625,0.75,0.6634615384615382,0.7301587301587303
249,0.6240601503759399,0.62,0.6785714285714286,0.5,0.625,0.75,0.6506410256410257,0.6825396825396827
250,0.6265664160401002,0.6,0.42857142857142855,0.5,0.5,0.375,0.5673076923076924,0.634920634920635
251,0.6290726817042607,0.52,0.25,0.25,0.375,0.5,0.7051282051282052,0.5714285714285714
252,0.631578947368421,0.56,0.2857142857142857,0.25,0.375,0.625,0.5576923076923075,0.5873015873015873
253,0.6340852130325815,0.9,0.8214285714285714,0.75,0.875,0.875,0.923076923076923,0.9365079365079368
254,0.6365914786967418,0.62,0.7857142857142857,0.75,0.75,1.0,0.7435897435897434,0.8095238095238096
255,0.6390977443609023,0.34,0.6428571428571429,0.75,0.75,0.875,0.503205128205128,0.7142857142857144
256,0.6416040100250626,0.38,0.25,0.5,0.75,0.75,0.5641025641025643,0.6666666666666667
257,0.6441102756892231,0.68,0.2857142857142857,0.5,0.75,1.0,0.58974358974359,0.6984126984126985
258,0.6466165413533834,0.72,0.35714285714285715,0.75,1.0,1.0,0.6282051282051282,0.6825396825396827
259,0.6491228070175439,0.82,0.9642857142857143,0.75,1.0,0.875,0.8141025641025641,0.8888888888888892
260,0.6516290726817042,0.74,0.5714285714285714,1.0,1.0,0.625,0.746794871794872,0.8412698412698415
261,0.6541353383458647,0.44,0.42857142857142855,0.5,0.625,0.75,0.41346153846153844,0.5873015873015873
262,0.656641604010025,0.36,0.39285714285714285,0.25,0.375,0.75,0.49999999999999983,0.5714285714285714
263,0.6591478696741855,0.68,0.6785714285714286,0.5,0.375,0.125,0.6378205128205126,0.5714285714285714
264,0.6616541353383458,0.7,0.6428571428571429,0.25,0.5,0.375,0.6282051282051282,0.6507936507936508
265,0.6641604010025063,0.46,0.35714285714285715,0.5,0.375,0.375,0.6025641025641025,0.5873015873015873
266,0.6666666666666666,0.44,0.4642857142857143,0.25,0.25,0.375,0.5288461538461536,0.6031746031746031
267,0.6691729323308271,0.48,0.5357142857142857,0.5,0.5,0.625,0.4391025641025641,0.6190476190476191
268,0.6716791979949874,0.74,0.75,0.75,0.875,1.0,0.7500000000000002,0.7777777777777778
269,0.6741854636591479,0.36,0.5714285714285714,0.75,0.875,1.0,0.49358974358974356,0.6825396825396827
270,0.6766917293233082,0.32,0.4642857142857143,0.25,0.375,0.5,0.4551282051282054,0.6031746031746031
271,0.6791979949874687,0.18,0.14285714285714285,0.25,0.125,0.25,0.33974358974358987,0.31746031746031755
272,0.681704260651629,0.08,0.10714285714285714,0.0,0.125,0.125,0.26923076923076916,0.23809523809523808
273,0.6842105263157895,0.44,0.25,0.0,0.0,0.125,0.3878205128205128,0.28571428571428575
274,0.6867167919799498,0.5,0.2857142857142857,0.0,0.25,0.375,0.36858974358974367,0.38095238095238093
275,0.6892230576441103,0.64,0.6428571428571429,0.5,0.625,0.5,0.6923076923076926,0.6984126984126985
276,0.6917293233082706,0.78,0.75,1.0,1.0,0.875,0.8493589743589741,0.8730158730158732
277,0.6942355889724311,0.6,0.32142857142857145,0.25,0.375,0.5,0.5833333333333331,0.5714285714285714
278,0.6967418546365914,0.36,0.39285714285714285,0.25,0.5,0.625,0.5416666666666667,0.507936507936508
279,0.6992481203007519,0.28,0.35714285714285715,0.25,0.5,0.75,0.6185897435897437,0.523809523809524
280,0.7017543859649122,0.42,0.35714285714285715,0.5,0.875,0.75,0.58974358974359,0.5396825396825398
281,0.7042606516290727,0.54,0.6428571428571429,0.5,0.75,0.875,0.7403846153846152,0.7301587301587303
282,0.706766917293233,0.44,0.5,0.5,0.75,0.625,0.6378205128205126,0.7460317460317462
283,0.7092731829573935,0.62,0.6785714285714286,0.5,0.375,0.5,0.6730769230769232,0.7301587301587303
284,0.7117794486215538,1.0,0.7142857142857143,0.75,1.0,0.875,0.9166666666666667,0.9523809523809523
285,0.7142857142857143,0.82,0.8571428571428571,1.0,0.75,0.75,0.7884615384615384,0.9365079365079368
286,0.7167919799498746,0.92,0.9285714285714286,1.0,0.875,0.75,0.7660256410256409,0.9206349206349209
287,0.7192982456140351,0.68,0.7857142857142857,1.0,1.0,0.875,0.7307692307692308,0.8730158730158732
288,0.7218045112781954,0.48,0.42857142857142855,0.75,1.0,1.0,0.7115384615384615,0.7619047619047619
289,0.7243107769423559,0.46,0.6071428571428571,0.5,0.75,0.625,0.7051282051282052,0.7142857142857144
290,0.7268170426065163,0.34,0.4642857142857143,0.25,0.375,0.5,0.2724358974358976,0.38095238095238093
291,0.7293233082706767,0.2,0.35714285714285715,0.25,0.125,0.25,0.342948717948718,0.3492063492063493
292,0.731829573934837,0.24,0.25,0.25,0.0,0.25,0.37499999999999994,0.3492063492063493
293,0.7343358395989975,0.44,0.21428571428571427,0.0,0.625,0.5,0.44230769230769224,0.4761904761904763
294,0.7368421052631579,0.52,0.32142857142857145,0.25,0.375,0.25,0.48717948717948734,0.4285714285714286
295,0.7393483709273183,0.54,0.2857142857142857,0.25,0.5,0.375,0.5673076923076924,0.5396825396825398
296,0.7418546365914787,0.4,0.5357142857142857,0.5,0.625,0.625,0.5993589743589743,0.6666666666666667
297,0.7443609022556391,0.6,1.0,0.5,0.75,0.875,0.7403846153846152,0.8253968253968256
298,0.7468671679197995,0.8,0.7857142857142857,0.5,0.875,0.875,0.7820512820512822,0.8888888888888892
299,0.7493734335839599,0.3,0.7142857142857143,0.5,0.5,0.625,0.5929487179487181,0.5873015873015873
300,0.7518796992481203,0.38,0.5,0.25,0.375,0.375,0.38461538461538464,0.4444444444444445
301,0.7543859649122807,0.58,0.5714285714285714,0.25,0.375,0.5,0.6282051282051282,0.507936507936508
302,0.7568922305764411,0.64,0.4642857142857143,0.25,0.5,0.5,0.5288461538461536,0.49206349206349215
303,0.7593984962406015,0.66,0.5357142857142857,0.5,0.625,0.625,0.5608974358974361,0.6190476190476191
304,0.7619047619047619,0.46,0.5,0.25,0.375,0.25,0.5224358974358974,0.4444444444444445
305,0.7644110275689223,0.62,0.6071428571428571,0.5,0.625,0.625,0.6410256410256413,0.634920634920635
306,0.7669172932330827,0.66,0.6428571428571429,0.5,0.75,0.625,0.7371794871794871,0.7142857142857144
307,0.7694235588972431,0.7,0.7142857142857143,0.75,0.75,0.75,0.7051282051282052,0.7301587301587303
308,0.7719298245614035,0.44,0.5714285714285714,0.5,0.625,0.5,0.5544871794871793,0.5555555555555556
309,0.7744360902255639,0.36,0.6428571428571429,0.75,0.625,0.5,0.5769230769230769,0.5714285714285714
310,0.7769423558897243,0.6,0.42857142857142855,0.5,0.5,0.625,0.6217948717948719,0.6666666666666667
311,0.7794486215538847,0.76,0.5714285714285714,0.75,0.875,0.75,0.7628205128205128,0.7936507936507937
312,0.7819548872180451,0.42,0.5357142857142857,0.75,0.875,0.875,0.7051282051282052,0.6984126984126985
313,0.7844611528822055,0.22,0.2857142857142857,0.5,0.625,0.5,0.3974358974358972,0.523809523809524
314,0.7869674185463659,0.3,0.4642857142857143,0.25,0.5,0.75,0.4262820512820516,0.507936507936508
315,0.7894736842105263,0.36,0.42857142857142855,0.25,0.375,0.5,0.40705128205128216,0.49206349206349215
316,0.7919799498746867,0.16,0.32142857142857145,0.25,0.125,0.25,0.33974358974358987,0.31746031746031755
317,0.7944862155388471,0.2,0.25,0.0,0.0,0.375,0.3878205128205128,0.38095238095238093
318,0.7969924812030075,0.68,0.6785714285714286,0.5,0.375,0.25,0.6410256410256413,0.7142857142857144
319,0.7994987468671679,0.74,0.75,0.75,0.625,0.5,0.6057692307692306,0.7301587301587303
320,0.8020050125313283,0.54,0.5,0.5,0.75,0.625,0.5448717948717949,0.6507936507936508
321,0.8045112781954887,0.66,0.42857142857142855,0.5,0.75,0.75,0.5256410256410255,0.6190476190476191
322,0.8070175438596491,0.48,0.5357142857142857,0.25,0.375,0.75,0.47115384615384603,0.6031746031746031
323,0.8095238095238095,0.3,0.35714285714285715,0.25,0.25,0.375,0.44230769230769224,0.4444444444444445
324,0.8120300751879699,0.5,0.42857142857142855,0.5,0.5,0.375,0.4903846153846155,0.523809523809524
325,0.8145363408521303,0.72,0.8571428571428571,0.5,0.625,0.75,0.7500000000000002,0.7460317460317462
326,0.8170426065162907,0.18,0.2857142857142857,0.5,0.25,0.25,0.3910256410256409,0.46031746031746035
327,0.8195488721804511,0.1,0.32142857142857145,0.25,0.375,0.25,0.33974358974358987,0.5555555555555556
328,0.8220551378446115,0.68,0.7142857142857143,0.75,0.75,0.625,0.6314102564102563,0.7301587301587303
329,0.8245614035087719,0.14,0.14285714285714285,0.25,0.375,0.125,0.3493589743589743,0.14285714285714282
330,0.8270676691729323,0.74,0.75,0.5,0.625,0.5,0.5961538461538463,0.7301587301587303
331,0.8295739348370927,0.42,0.4642857142857143,0.25,0.5,0.25,0.42307692307692285,0.6190476190476191
332,0.8320802005012531,0.36,0.5,0.5,0.625,0.375,0.45192307692307726,0.6507936507936508
333,0.8345864661654135,0.58,0.5714285714285714,0.5,0.5,0.625,0.5576923076923075,0.5873015873015873
334,0.8370927318295739,0.44,0.5357142857142857,0.75,0.875,0.75,0.5929487179487181,0.6190476190476191
335,0.8395989974937343,0.7,0.6785714285714286,0.75,0.75,0.875,0.7403846153846152,0.7777777777777778
336,0.8421052631578947,0.58,0.6428571428571429,0.5,0.5,0.375,0.6378205128205126,0.6031746031746031
337,0.8446115288220551,0.84,0.9285714285714286,1.0,1.0,1.0,0.855769230769231,0.9523809523809523
338,0.8471177944862155,0.66,0.5714285714285714,1.0,0.75,0.75,0.6217948717948719,0.7460317460317462
339,0.849624060150376,0.68,0.5357142857142857,1.0,0.625,0.75,0.5961538461538463,0.7460317460317462
340,0.8521303258145363,0.44,0.5357142857142857,0.5,0.5,0.5,0.5320512820512824,0.6507936507936508
341,0.8546365914786967,0.72,0.6428571428571429,0.5,0.625,0.625,0.6282051282051282,0.7142857142857144
342,0.8571428571428571,0.36,0.5,0.5,0.5,0.5,0.4615384615384617,0.38095238095238093
343,0.8596491228070176,0.3,0.39285714285714285,0.25,0.375,0.625,0.4262820512820516,0.3968253968253968
344,0.8621553884711779,0.1,0.14285714285714285,0.25,0.125,0.25,0.17307692307692307,0.2063492063492063
345,0.8646616541353384,0.52,0.21428571428571427,0.0,0.125,0.25,0.20192307692307687,0.23809523809523808
346,0.8671679197994987,0.28,0.17857142857142858,0.25,0.125,0.25,0.26923076923076916,0.2063492063492063
347,0.8696741854636592,0.18,0.07142857142857142,0.0,0.0,0.0,0.17307692307692307,0.12698412698412695
348,0.8721804511278195,0.24,0.25,0.0,0.25,0.25,0.14423076923076927,0.365079365079365
349,0.87468671679198,0.46,0.32142857142857145,0.5,0.375,0.5,0.3974358974358972,0.4444444444444445
350,0.8771929824561403,0.56,0.5357142857142857,0.5,0.5,0.625,0.47115384615384603,0.634920634920635
351,0.8796992481203008,0.7,0.6428571428571429,0.75,0.625,0.75,0.5993589743589743,0.6190476190476191
352,0.8822055137844611,0.26,0.2857142857142857,0.25,0.5,0.625,0.403846153846154,0.4761904761904763
353,0.8847117794486216,0.2,0.35714285714285715,0.5,0.625,0.375,0.4391025641025641,0.46031746031746035
354,0.8872180451127819,0.14,0.21428571428571427,0.25,0.375,0.5,0.27884615384615385,0.3968253968253968
355,0.8897243107769424,0.54,0.5,0.25,0.25,0.625,0.42307692307692285,0.6190476190476191
356,0.8922305764411027,0.74,0.6071428571428571,0.5,0.625,0.75,0.6314102564102563,0.7142857142857144
357,0.8947368421052632,0.22,0.42857142857142855,0.25,0.625,0.625,0.3493589743589743,0.5396825396825398
358,0.8972431077694235,0.48,0.4642857142857143,0.25,0.375,0.25,0.26923076923076916,0.5714285714285714
359,0.899749373433584,0.62,0.5357142857142857,0.25,0.25,0.125,0.5256410256410255,0.7460317460317462
360,0.9022556390977443,0.64,0.6428571428571429,0.5,0.75,1.0,0.58974358974359,0.8095238095238096
361,0.9047619047619048,0.88,0.8571428571428571,0.75,0.75,0.625,0.878205128205128,0.9365079365079368
362,0.9072681704260651,0.96,0.8214285714285714,1.0,0.875,1.0,0.778846153846154,0.904761904761905
363,0.9097744360902256,0.32,0.39285714285714285,0.25,0.375,0.5,0.49999999999999983,0.5555555555555556
364,0.9122807017543859,0.46,0.35714285714285715,0.5,0.625,0.75,0.6730769230769232,0.6825396825396827
365,0.9147869674185464,0.8,0.7857142857142857,0.75,0.875,0.5,0.7596153846153846,0.8253968253968256
366,0.9172932330827067,0.6,0.42857142857142855,0.5,0.625,0.875,0.49358974358974356,0.634920634920635
367,0.9197994987468672,0.42,0.21428571428571427,0.0,0.0,0.375,0.21153846153846156,0.365079365079365
368,0.9223057644110275,0.16,0.0,0.0,0.25,0.25,0.34615384615384615,0.2698412698412699
369,0.924812030075188,0.22,0.21428571428571427,0.0,0.25,0.5,0.39423076923076905,0.523809523809524
370,0.9273182957393483,0.4,0.39285714285714285,0.25,0.375,0.375,0.4615384615384617,0.6031746031746031
371,0.9298245614035088,0.68,0.6428571428571429,0.5,0.625,0.5,0.7756410256410259,0.8730158730158732
372,0.9323308270676691,0.92,0.9642857142857143,0.75,0.875,0.75,0.9038461538461536,0.9682539682539683
373,0.9348370927318296,0.62,0.6071428571428571,0.5,0.5,0.5,0.5576923076923075,0.7142857142857144
374,0.9373433583959899,0.5,0.4642857142857143,0.25,0.25,0.375,0.2724358974358976,0.07936507936507936
375,0.9398496240601504,0.28,0.32142857142857145,0.25,0.25,0.375,0.2756410256410257,0.06349206349206347
376,0.9423558897243107,0.14,0.14285714285714285,0.25,0.375,0.25,0.20192307692307687,0.0
377,0.9448621553884712,0.0,0.2857142857142857,0.0,0.125,0.25,0.2435897435897435,0.2063492063492063
378,0.9473684210526315,0.26,0.21428571428571427,0.0,0.25,0.375,0.2724358974358976,0.3492063492063493
379,0.949874686716792,0.42,0.25,0.0,0.375,0.5,0.5224358974358974,0.5873015873015873
380,0.9523809523809523,0.64,0.42857142857142855,0.5,0.625,0.75,0.6538461538461539,0.6984126984126985
381,0.9548872180451128,0.58,0.4642857142857143,0.5,0.5,0.625,0.5993589743589743,0.6190476190476191
382,0.9573934837092731,0.68,0.6428571428571429,0.75,0.875,0.75,0.7532051282051283,0.7619047619047619
383,0.9598997493734336,0.2,0.2857142857142857,0.5,0.5,0.625,0.4679487179487179,0.4444444444444445
384,0.9624060150375939,1.0,0.75,0.75,1.0,1.0,0.9423076923076924,0.9841269841269841
385,0.9649122807017544,0.9,0.8928571428571429,1.0,1.0,1.0,0.9679487179487181,0.9841269841269841
386,0.9674185463659147,0.24,0.32142857142857145,0.25,0.375,0.625,0.3717948717948718,0.1904761904761905
387,0.9699248120300752,0.34,0.4642857142857143,0.25,0.25,0.625,0.4166666666666666,0.3015873015873016
388,0.9724310776942355,0.12,0.17857142857142858,0.25,0.125,0.25,0.3205128205128205,0.23809523809523808
389,0.974937343358396,0.6,0.5714285714285714,0.5,0.625,0.75,0.5256410256410255,0.6666666666666667
390,0.9774436090225563,0.48,0.35714285714285715,0.25,0.25,0.375,0.4615384615384617,0.4761904761904763
391,0.9799498746867168,0.56,0.5,0.5,0.25,0.5,0.5929487179487181,0.5873015873015873
392,0.9824561403508771,0.72,0.7142857142857143,0.75,0.75,0.625,0.7435897435897434,0.7936507936507937
393,0.9849624060150376,0.54,0.42857142857142855,0.25,0.5,0.5,0.6282051282051282,0.6825396825396827
394,0.9874686716791979,0.78,0.6785714285714286,0.75,0.875,0.75,0.778846153846154,0.8730158730158732
395,0.9899749373433584,0.68,0.6428571428571429,0.5,0.625,0.625,0.7179487179487177,0.7619047619047619
396,0.9924812030075187,0.7,0.5357142857142857,0.5,0.5,0.625,0.7403846153846152,0.7936507936507937
397,0.9949874686716792,0.8,0.8571428571428571,0.75,1.0,0.875,0.8493589743589741,0.904761904761905
398,0.9974937343358395,0.44,0.39285714285714285,0.5,0.625,0.75,0.6346153846153845,0.523809523809524
399,1.0,0.86,0.8928571428571429,0.75,1.0,0.75,0.9166666666666667,0.9682539682539683
